noise_type,alpha,contrast,replicate,noise_mult,pc
pink,1.0,0.04,0,0.0,0.52734375
pink,1.0,0.04,0,0.25,0.4973958333333333
pink,1.0,0.04,0,0.5,0.5091145833333334
pink,1.0,0.04,0,0.65,0.5208333333333334
pink,1.0,0.04,0,0.75,0.51953125
pink,1.0,0.04,0,0.85,0.5
pink,1.0,0.04,0,1.0,0.4986979166666667
pink,1.0,0.04,0,1.25,0.51171875
pink,1.0,0.04,0,1.5,0.5
pink,1.0,0.04,0,2.0,0.52734375
