noise_type,alpha,contrast,replicate,noise_mult,pc
pink,1.0,0.04,0,0.0,0.5147569444444444
pink,1.0,0.04,0,0.25,0.5104166666666666
pink,1.0,0.04,0,0.5,0.51953125
pink,1.0,0.04,0,0.65,0.484375
pink,1.0,0.04,0,0.75,0.5325520833333334
pink,1.0,0.04,0,0.85,0.5364583333333334
pink,1.0,0.04,0,1.0,0.51953125
pink,1.0,0.04,0,1.25,0.4986979166666667
pink,1.0,0.04,0,1.5,0.5364583333333334
pink,1.0,0.04,0,2.0,0.4869791666666667
