noise_type,alpha,contrast,replicate,noise_mult,pc
violet,-2.0,0.04,0,0.0,0.498046875
violet,-2.0,0.04,0,0.25,0.5716145833333334
violet,-2.0,0.04,0,0.5,0.4830729166666667
violet,-2.0,0.04,0,0.65,0.51171875
violet,-2.0,0.04,0,0.75,0.5182291666666666
violet,-2.0,0.04,0,0.85,0.5143229166666666
violet,-2.0,0.04,0,1.0,0.5234375
violet,-2.0,0.04,0,1.25,0.4752604166666667
violet,-2.0,0.04,0,1.5,0.51171875
violet,-2.0,0.04,0,2.0,0.5104166666666666
